[
    {
        "index": 0,
        "soal": "Apa yang panjang, keras, ada kepalanya, dan sering dimasukin?",
        "jawaban": "Kontol"
    },
    {
        "index": 1,
        "soal": "Apa yang berbulu, basah kalau diusap, dan disukai cowok?",
        "jawaban": "Memek"
    },
    {
        "index": 2,
        "soal": "Benda apa yang bisa masuk ke memek tapi bukan kontol?",
        "jawaban": "Jari"
    },
    {
        "index": 3,
        "soal": "Apa yang kecil, item, suka digaruk kalau gatel?",
        "jawaban": "Pentil"
    },
    {
        "index": 4,
        "soal": "Apa yang kalo diisep keluar putih?",
        "jawaban": "Susu di tetek"
    },
    {
        "index": 5,
        "soal": "Lubang apa yang bisa dimasukin kontol?",
        "jawaban": "Memek atau anus"
    },
    {
        "index": 6,
        "soal": "Apa yang gede, bulat, dan biasanya dipencet-pencet?",
        "jawaban": "Tetekk"
    },
    {
        "index": 7,
        "soal": "Apa yang ada di bawah, suka dipegang, tapi bau kalau nggak dicuci?",
        "jawaban": "Biji"
    },
    {
        "index": 8,
        "soal": "Apa yang bisa kembang kempis kalau nafsu?",
        "jawaban": "Kontol"
    },
    {
        "index": 9,
        "soal": "Apa yang rasanya enak kalau dijilat?",
        "jawaban": "Memek"
    },
    {
        "index": 10,
        "soal": "Apa yang bentuknya bulat dua, nempel, dan sering digaruk?",
        "jawaban": "Biji"
    },
    {
        "index": 11,
        "soal": "Apa yang suka keras sendiri kalau pagi?",
        "jawaban": "Kontol"
    },
    {
        "index": 12,
        "soal": "Apa yang sering dikulum cewek kalau lagi sange?",
        "jawaban": "Kontol"
    },
    {
        "index": 13,
        "soal": "Apa yang ada lubangnya, suka basah, dan bisa dimasukin?",
        "jawaban": "Memek"
    },
    {
        "index": 14,
        "soal": "Apa yang bisa berdiri tegak tanpa tulang?",
        "jawaban": "Kontol"
    },
    {
        "index": 15,
        "soal": "Apa yang keluar putih kental kalo diusap lama-lama?",
        "jawaban": "Sperma"
    },
    {
        "index": 16,
        "soal": "Apa yang enak kalau dipegang dua tangan?",
        "jawaban": "Tetek gede"
    },
    {
        "index": 17,
        "soal": "Apa yang bisa basah sendiri kalau lagi birahi?",
        "jawaban": "Memek"
    },
    {
        "index": 18,
        "soal": "Apa yang suka ditarik terus bunyi 'plek'?",
        "jawaban": "Kontol kena karet"
    },
    {
        "index": 19,
        "soal": "Apa yang suka keluar air kalau dipencet keras-keras?",
        "jawaban": "Tetek"
    },
    {
        "index": 20,
        "soal": "Apa yang ada bulunya tapi bukan kepala?",
        "jawaban": "Memek"
    },
    {
        "index": 21,
        "soal": "Apa yang bisa ditusuk-tusuk sampe basah?",
        "jawaban": "Memek"
    },
    {
        "index": 22,
        "soal": "Apa yang sering main sama tangan cowok kalau lagi sendiri?",
        "jawaban": "Kontol"
    },
    {
        "index": 23,
        "soal": "Apa yang bikin cewek teriak kalau digoyang?",
        "jawaban": "Kontol"
    },
    {
        "index": 24,
        "soal": "Apa yang bisa ditutup, dibuka, terus dijilat?",
        "jawaban": "Memek"
    },
    {
        "index": 25,
        "soal": "Apa yang suka dikasih pelumas biar enak?",
        "jawaban": "Kontol"
    },
    {
        "index": 26,
        "soal": "Apa yang bisa dimasukin dua sekaligus?",
        "jawaban": "Memek"
    },
    {
        "index": 27,
        "soal": "Apa yang kalo lama nggak keluar, jadi sakit?",
        "jawaban": "Sperma di kontol"
    },
    {
        "index": 28,
        "soal": "Apa yang kalau ditarik keluar benang putih?",
        "jawaban": "Sperma"
    },
    {
        "index": 29,
        "soal": "Apa yang bisa bikin cewek basah kuyup tanpa air?",
        "jawaban": "Kontol"
    },
    {
        "index": 30,
        "soal": "Apa yang bisa bikin cowok ngos-ngosan dalam 5 menit?",
        "jawaban": "Ngewe"
    },
    {
        "index": 31,
        "soal": "Apa yang bisa bikin cewek gigit bibir kalau dihisap?",
        "jawaban": "Tetekk"
    },
    {
        "index": 32,
        "soal": "Apa yang suka keluar air panas putih?",
        "jawaban": "Sperma"
    },
    {
        "index": 33,
        "soal": "Apa yang bisa bikin pantat goyang sendiri?",
        "jawaban": "Kontol"
    },
    {
        "index": 34,
        "soal": "Apa yang bisa bikin perut buncit kalo nggak pake pengaman?",
        "jawaban": "Sperma"
    },
    {
        "index": 35,
        "soal": "Apa yang kecil kalau tidur, gede kalau bangun?",
        "jawaban": "Kontol"
    },
    {
        "index": 36,
        "soal": "Apa yang ada lubang kecil di ujungnya?",
        "jawaban": "Kontol"
    },
    {
        "index": 37,
        "soal": "Apa yang ada dua, bulat, suka digenggam?",
        "jawaban": "Biji"
    },
    {
        "index": 38,
        "soal": "Apa yang bisa bikin basah sprei?",
        "jawaban": "Sperma"
    },
    {
        "index": 39,
        "soal": "Apa yang bisa bikin cewek ketagihan kalau udah nyoba?",
        "jawaban": "Kontol"
    },
    {
        "index": 40,
        "soal": "Apa yang bisa bikin cowok muntahin putih tiap hari?",
        "jawaban": "Kontol"
    },
    {
        "index": 41,
        "soal": "Apa yang bisa bikin cewek senyum habis malem pertama?",
        "jawaban": "Kontol"
    },
    {
        "index": 42,
        "soal": "Apa yang bisa masuk bolak-balik sampe pegel?",
        "jawaban": "Kontol"
    },
    {
        "index": 43,
        "soal": "Apa yang suka dipelintir cowok iseng?",
        "jawaban": "Pentil"
    },
    {
        "index": 44,
        "soal": "Apa yang suka dijilat terus dimasukin?",
        "jawaban": "Kondom"
    },
    {
        "index": 45,
        "soal": "Apa yang bisa bikin cewek merem melek?",
        "jawaban": "Kontol"
    },
    {
        "index": 46,
        "soal": "Apa yang bisa bikin badan goyang tanpa musik?",
        "jawaban": "Ngewe"
    },
    {
        "index": 47,
        "soal": "Apa yang bisa bikin paha cewek basah?",
        "jawaban": "Sperma"
    },
    {
        "index": 48,
        "soal": "Apa yang bisa bikin cowok meringis pas kejedot?",
        "jawaban": "Kontol"
    },
    {
        "index": 49,
        "soal": "Apa yang bisa bikin dua orang sama-sama capek?",
        "jawaban": "Ngewe"
    }
]