[
    {
        "img": "https://images6.alphacoders.com/110/1109798.jpg",
        "jawaban": "Keqing",
        "desk": "KeQing Wangy Wangy Umhh Keqing Keqing Keqing UHHHHH"
        },
    {
        "img": "https://images7.alphacoders.com/117/1175609.jpg",
        "jawaban": "Raiden Shogun",
        "desk": "ALL HAIL SHOGUN, LAIDEN SHOGUN DAAA"
        },
    {
        "img": "https://images.alphacoders.com/986/986223.jpg",
        "jawaban": "Rimuru Tempest",
        "desk": "Warui Slime Janai Yo"
        },
    {
        "img": "https://images2.alphacoders.com/999/999602.jpg",
        "jawaban": "Milim Nava",
        "desk": "Limuluu"
        },
    {
        "img": "https://images8.alphacoders.com/116/1160930.jpg",
        "jawaban": "Kamisato Ayaka",
        "desk": "Aahhhhh Ahhhhhh AYAKA PUNYA GW HUHAH"
        },
    {
        "img": "https://images4.alphacoders.com/112/1129086.png",
        "jawaban": "Hu Tao",
        "desk": "Fix HuTao Punya Gw, Yang Klaim Besok Lumfuh"
        },
    {
        "img": "https://images8.alphacoders.com/112/1121701.jpg",
        "jawaban": "Qiqi",
        "desk": "Uwohhyyyy Loliii Huuuu"
        },
    {
        "img": "https://images3.alphacoders.com/110/1109322.png",
        "jawaban": "Klee",
        "desk": "Aaaarrrgghhhgg Loliiiiii"
        },
    {
        "img": "https://images3.alphacoders.com/114/1140115.jpg",
        "jawaban": "Venti",
        "desk": "Hmmm"
        },
    {
        "img": "https://images7.alphacoders.com/115/1157026.jpg",
        "jawaban": "Lumine",
        "desk": "Hmmmmm"
        },
    {
        "img": "https://images5.alphacoders.com/673/673686.png",
        "jawaban": "Sakura Haruno",
        "desk": "Gw Gasuka, Ambil Aja Nih Beban"
        },
    {
        "img": "https://images3.alphacoders.com/135/135629.jpg",
        "jawaban": "Hinata Hyuga",
        "desk": "Ahh Hinata Istri Raikage Uhh"
        },
    {
        "img": "https://images2.alphacoders.com/780/780922.png",
        "jawaban": "Yamanaka Ino",
        "desk": "Tau Scene Rumput ?"
        },
    {
        "img": "https://images4.alphacoders.com/135/135638.jpg",
        "jawaban": "Temari",
        "desk": "Waifu Gw Su"
        },
    {
        "img": "https://images8.alphacoders.com/416/416969.jpg",
        "jawaban": "Mikasa Ackermann",
        "desk": "Babu Ereh, Buwong"
        },
    {
        "img": "https://images2.alphacoders.com/607/607894.jpg",
        "jawaban": "Historia Reiss",
        "desk": "Nge Kok Ama Petani"
        },
    {
        "img": "https://images8.alphacoders.com/850/850966.jpg",
        "jawaban": "Sasha Blouse",
        "desk": "Yahh kurang lebih beginilah device ku"
        },
    {
        "img": "https://images7.alphacoders.com/850/850968.png",
        "jawaban": "Hange Zoe",
        "desk": "Keinjek ?"
        },
    {
        "img": "https://images8.alphacoders.com/673/673461.jpg",
        "jawaban": "Rin Tohsaka",
        "desk": "Paha Rin ?  Skip"
        },
    {
        "img": "https://images2.alphacoders.com/801/801208.png",
        "jawaban": "Kanna Kamui",
        "desk": "Loliiii Gw Nihhhh"
        },
    {
        "img": "https://images8.alphacoders.com/896/896525.png",
        "jawaban": "Tohru",
        "desk": "Nulis apaan yah ?"
        },
    {
        "img": "https://images3.alphacoders.com/163/163849.jpg",
        "jawaban": "Sakura Matou",
        "desk": "Eeeeeee"
        },
    {
        "img": "https://images2.alphacoders.com/961/961599.png",
        "jawaban": "Kushina Uzumaki",
        "desk": "Mayad ?"
        },
    {
        "img": "https://images5.alphacoders.com/680/680415.jpg",
        "jawaban": "Arthuria Pendragon",
        "desk": "Exx Calibahh"
        },
    {
        "img": "https://images.alphacoders.com/915/915331.jpg",
        "jawaban": "Jeanne d'Arc",
        "desk": "EeeeeeeTttttttooooooo"
        },
    {
        "img": "https://images2.alphacoders.com/111/1118085.jpg",
        "jawaban": "Fischl",
        "desk": "Uwoohhhh"
        },
    {
        "img": "https://images7.alphacoders.com/987/987217.jpg",
        "jawaban": "Shizue Izawa",
        "desk": "Hmmmmmmmmm"
        },
    {
        "img": "https://images5.alphacoders.com/100/1000730.png",
        "jawaban": "Shion",
        "desk": "Purple Oni-on"
        },
    {
        "img": "https://images6.alphacoders.com/992/992602.png",
        "jawaban": "Shuna",
        "desk": "Pink ?  Yaaa pink"
        },
    {
        "img": "https://images3.alphacoders.com/100/1000725.png",
        "jawaban": "Ramiris",
        "desk": "Capung"
        },
    {
        "img": "https://images.alphacoders.com/101/1011288.jpg",
        "jawaban": "Chloe",
        "desk": "Hmmmmmmmmmmm"
        },
    {
        "img": "https://images2.alphacoders.com/117/1179209.png",
        "jawaban": "Paimon",
        "desk": "EHEE TEE NANDAYOO"
        },
    {
        "img": "https://images5.alphacoders.com/110/1109242.png",
        "jawaban": "Barbara",
        "desk": "Uuu--------"
        },
    {
        "img": "https://images7.alphacoders.com/110/1109220.jpg",
        "jawaban": "Amber",
        "desk": "Hmnmnmnmn"
        },
    {
        "img": "https://images3.alphacoders.com/117/1170455.jpg",
        "jawaban": "Mona",
        "desk": "Mona not Moona"
        },
    {
        "img": "https://images5.alphacoders.com/115/1154163.jpg",
        "jawaban": "Yoimiya",
        "desk": "Uhh"
        },
    {
        "img": "https://images2.alphacoders.com/116/1164519.jpg",
        "jawaban": "Kujou Sara",
        "desk": "Saraaaaa Saraaaaaaaaa Aaaaaaaaa"
        },
    {
        "img": "https://images7.alphacoders.com/110/1109248.png",
        "jawaban": "Sucrose",
        "desk": "Hm"
        },
    {
        "img": "https://images8.alphacoders.com/116/1164097.jpg",
        "jawaban": "Yae Miko Guuji",
        "desk": "D-dare da Omae"
        },
    {
        "img": "https://images8.alphacoders.com/111/1113487.png",
        "jawaban": "Diona",
        "desk": "Jotaroooo, Eh salah Dio"
        },
    {
        "img": "https://images3.alphacoders.com/118/1182263.jpg",
        "jawaban": "Rosaria",
        "desk": "Hmn"
        },
    {
        "img": "https://images4.alphacoders.com/726/726915.png",
        "jawaban": "Sarada",
        "desk": "z.z.z."
        },
    {
        "img": "https://images6.alphacoders.com/810/810278.png",
        "jawaban": "Himawari",
        "desk": "zz.z.z"
        },
    {
        "img": "https://images7.alphacoders.com/547/547551.jpg",
        "jawaban": "Konan",
        "desk": "The Best Detective"
        },
    {
        "img": "https://images2.alphacoders.com/508/508290.jpg",
        "jawaban": "Rin Nohara",
        "desk": "Trasshh"
        },
    {
        "img": "https://images.alphacoders.com/101/1015782.png",
        "jawaban": "Tsunade",
        "desk": "Baabaa"
        },
    {
        "img": "https://images5.alphacoders.com/986/986167.png",
        "jawaban": "Kaguya Otsutsuki",
        "desk": "Alien daa Alien"
        },
    {
        "img": "https://images8.alphacoders.com/547/547769.jpg",
        "jawaban": "Tenten",
        "desk": "Kosong"
        },
    {
        "img": "https://images8.alphacoders.com/961/961271.png",
        "jawaban": "Haku",
        "desk": "Got Award of The Best Waifu on 2009"
        },
    {
        "img": "https://images7.alphacoders.com/961/961597.png",
        "jawaban": "Kurenai Yuhi",
        "desk": "Jagoan Genjutsu"
        },
    {
        "img": "https://images6.alphacoders.com/961/961170.png",
        "jawaban": "Anko Mitarashi",
        "desk": "Ular"
        },
    {
        "img": "https://images7.alphacoders.com/726/726917.png",
        "jawaban": "Karin Uzumaki",
        "desk": "Apakah dia L ?"
        },
    {
        "img": "https://images.alphacoders.com/647/647519.jpg",
        "jawaban": "Tayuya",
        "desk": "Hn"
        },
    {
        "img": "https://images8.alphacoders.com/673/673707.png",
        "jawaban": "Female Titan",
        "desk": "Siapa Yang Waifunya Titan ???"
        },
    {
        "img": "https://images7.alphacoders.com/833/833032.jpg",
        "jawaban": "Annie Leonhart",
        "desk": "Waifu mu Titan Mas"
        },
    {
        "img": "https://images3.alphacoders.com/849/849954.jpg",
        "jawaban": "Petra Ral",
        "desk": "Gepen Ehh Maksud nya Kawaii"
        },
    {
        "img": "https://images5.alphacoders.com/904/904407.png",
        "jawaban": "Quetzalcoatl",
        "desk": "Yahahaha pasti nebak namanya Lucoa"
        },
    {
        "img": "https://images3.alphacoders.com/963/963044.png",
        "jawaban": "Elma",
        "desk": "Belut bukan Naga"
        },
    {
        "img": "https://images4.alphacoders.com/117/1176620.jpg",
        "jawaban": "Ilulu",
        "desk": "Uuuu"
        },
    {
        "img": "https://images4.alphacoders.com/100/1006099.jpg",
        "jawaban": "Saber Alter",
        "desk": "Ex Calibah Morgan"
        },
    {
        "img": "https://images4.alphacoders.com/226/226454.jpg",
        "jawaban": "Saber lily",
        "desk": "Ex calibah Lilyy"
        },
    {
        "img": "https://images5.alphacoders.com/838/838058.jpg",
        "jawaban": "Nero Claudius",
        "desk": "Nitro + Oksigen = Nos"
        },
    {
        "img": "https://images2.alphacoders.com/554/554374.jpg",
        "jawaban": "Red Saber",
        "desk": "Siapa yang waifunya ......"
        },
    {
        "img": "https://images7.alphacoders.com/962/962797.png",
        "jawaban": "Medusa",
        "desk": "Yahahaha istrinya Siluman Ular"
        },
    {
        "img": "https://images4.alphacoders.com/484/48474.jpg",
        "jawaban": "Rider",
        "desk": "Gak Ngotak Sih, OP tapi dapet Master Ampass"
        },
    {
        "img": "https://images7.alphacoders.com/962/962812.png",
        "jawaban": "Irisviel Von Einzbern",
        "desk": "Lolii Guwehh"
        }

]