[
  {
    "jid": "6281293867827@s.whatsapp.net",
    "date": "2025-09-22",
    "count": 0
  },
  {
    "jid": "6283861006489@s.whatsapp.net",
    "date": "2025-09-22",
    "count": 0
  },
  {
    "jid": "6285723504105@s.whatsapp.net",
    "date": "2025-09-22",
    "count": 0
  },
  {
    "jid": "6287875140885@s.whatsapp.net",
    "date": "2025-09-22",
    "count": 0
  },
  {
    "jid": "628817675240@s.whatsapp.net",
    "date": "2025-09-22",
    "count": 0
  },
  {
    "jid": "601161468029@s.whatsapp.net",
    "date": "2025-09-22",
    "count": 0
  },
  {
    "jid": "6285215923997@s.whatsapp.net",
    "date": "2025-09-22",
    "count": 0
  },
  {
    "jid": "6285718604014@s.whatsapp.net",
    "date": "2025-09-22",
    "count": 0
  },
  {
    "jid": "6287736519839@s.whatsapp.net",
    "date": "2025-09-22",
    "count": 0
  },
  {
    "jid": "6282336858532@s.whatsapp.net",
    "date": "2025-09-22",
    "count": 0
  },
  {
    "jid": "6289525661206@s.whatsapp.net",
    "date": "2025-09-22",
    "count": 0
  },
  {
    "jid": "6283170685648@s.whatsapp.net",
    "date": "2025-09-22",
    "count": 0
  },
  {
    "jid": "6283892078006@s.whatsapp.net",
    "date": "2025-09-22",
    "count": 0
  },
  {
    "jid": "6285714196273@s.whatsapp.net",
    "date": "2025-09-22",
    "count": 0
  },
  {
    "jid": "6281522774010@s.whatsapp.net",
    "date": "2025-09-22",
    "count": 0
  },
  {
    "jid": "6288902901170@s.whatsapp.net",
    "date": "2025-09-22",
    "count": 0
  },
  {
    "jid": "6288706997166@s.whatsapp.net",
    "date": "2025-09-22",
    "count": 0
  },
  {
    "jid": "60136372162@s.whatsapp.net",
    "date": "2025-09-22",
    "count": 0
  },
  {
    "jid": "6287827143351@s.whatsapp.net",
    "date": "2025-09-22",
    "count": 0
  },
  {
    "jid": "6282169041822@s.whatsapp.net",
    "date": "2025-09-22",
    "count": 0
  },
  {
    "jid": "6283834447279@s.whatsapp.net",
    "date": "2025-09-22",
    "count": 0
  },
  {
    "jid": "62895404032071@s.whatsapp.net",
    "date": "2025-09-22",
    "count": 0
  },
  {
    "jid": "6285219969227@s.whatsapp.net",
    "date": "2025-09-22",
    "count": 0
  },
  {
    "jid": "6283133738731@s.whatsapp.net",
    "date": "2025-09-22",
    "count": 0
  },
  {
    "jid": "6282137194690@s.whatsapp.net",
    "date": "2025-09-22",
    "count": 0
  },
  {
    "jid": "628817066132@s.whatsapp.net",
    "date": "2025-09-22",
    "count": 0
  },
  {
    "jid": "62882015189489@s.whatsapp.net",
    "date": "2025-09-22",
    "count": 0
  },
  {
    "jid": "6285219354847@s.whatsapp.net",
    "date": "2025-09-22",
    "count": 0
  },
  {
    "jid": "6282189747713@s.whatsapp.net",
    "date": "2025-09-22",
    "count": 0
  },
  {
    "jid": "6282134865878@s.whatsapp.net",
    "date": "2025-09-22",
    "count": 0
  },
  {
    "jid": "6282142798551@s.whatsapp.net",
    "date": "2025-09-22",
    "count": 0
  },
  {
    "jid": "6282197116591@s.whatsapp.net",
    "date": "2025-09-22",
    "count": 0
  },
  {
    "jid": "6285267597013@s.whatsapp.net",
    "date": "2025-09-22",
    "count": 0
  },
  {
    "jid": "62882003013908@s.whatsapp.net",
    "date": "2025-09-22",
    "count": 0
  },
  {
    "jid": "6285878114689@s.whatsapp.net",
    "date": "2025-09-22",
    "count": 0
  },
  {
    "jid": "62895320251212@s.whatsapp.net",
    "date": "2025-09-22",
    "count": 0
  },
  {
    "jid": "6283897078806@s.whatsapp.net",
    "date": "2025-09-22",
    "count": 0
  },
  {
    "jid": "6285220776906@s.whatsapp.net",
    "date": "2025-09-22",
    "count": 0
  },
  {
    "jid": "6287860998528@s.whatsapp.net",
    "date": "2025-09-22",
    "count": 0
  },
  {
    "jid": "6287823277775@s.whatsapp.net",
    "date": "2025-09-22",
    "count": 0
  },
  {
    "jid": "601153030936@s.whatsapp.net",
    "date": "2025-09-22",
    "count": 0
  },
  {
    "jid": "6282185786915@s.whatsapp.net",
    "date": "2025-09-22",
    "count": 0
  },
  {
    "jid": "6285774137221@s.whatsapp.net",
    "date": "2025-09-22",
    "count": 0
  },
  {
    "jid": "6283143076242@s.whatsapp.net",
    "date": "2025-09-22",
    "count": 0
  },
  {
    "jid": "6285210609109@s.whatsapp.net",
    "date": "2025-09-22",
    "count": 0
  },
  {
    "jid": "62895414273050@s.whatsapp.net",
    "date": "2025-09-22",
    "count": 0
  },
  {
    "jid": "6282126232809@s.whatsapp.net",
    "date": "2025-09-22",
    "count": 0
  },
  {
    "jid": "6285124417124@s.whatsapp.net",
    "date": "2025-09-22",
    "count": 0
  },
  {
    "jid": "6285664900720@s.whatsapp.net",
    "date": "2025-09-22",
    "count": 0
  },
  {
    "jid": "6285396339240@s.whatsapp.net",
    "date": "2025-09-22",
    "count": 0
  },
  {
    "jid": "6282395483755@s.whatsapp.net",
    "date": "2025-09-22",
    "count": 0
  },
  {
    "jid": "6282277833038@s.whatsapp.net",
    "date": "2025-09-22",
    "count": 0
  },
  {
    "jid": "6282148024881@s.whatsapp.net",
    "date": "2025-09-22",
    "count": 0
  },
  {
    "jid": "6281330681537@s.whatsapp.net",
    "date": "2025-09-22",
    "count": 0
  },
  {
    "jid": "6283192630186@s.whatsapp.net",
    "date": "2025-09-22",
    "count": 0
  },
  {
    "jid": "6289527321868@s.whatsapp.net",
    "date": "2025-09-22",
    "count": 0
  },
  {
    "jid": "6289667951161@s.whatsapp.net",
    "date": "2025-09-22",
    "count": 0
  },
  {
    "jid": "6289509985165@s.whatsapp.net",
    "date": "2025-09-22",
    "count": 0
  },
  {
    "jid": "6282332442310@s.whatsapp.net",
    "date": "2025-09-22",
    "count": 0
  },
  {
    "jid": "6281220154114@s.whatsapp.net",
    "date": "2025-09-22",
    "count": 0
  },
  {
    "jid": "6283173611093@s.whatsapp.net",
    "date": "2025-09-22",
    "count": 0
  },
  {
    "jid": "6282145682566@s.whatsapp.net",
    "date": "2025-09-22",
    "count": 0
  },
  {
    "jid": "6285819829358@s.whatsapp.net",
    "date": "2025-09-22",
    "count": 0
  },
  {
    "jid": "6285775284244@s.whatsapp.net",
    "date": "2025-09-22",
    "count": 0
  },
  {
    "jid": "6289531568587@s.whatsapp.net",
    "date": "2025-09-22",
    "count": 0
  },
  {
    "jid": "6285608153325@s.whatsapp.net",
    "date": "2025-09-22",
    "count": 0
  },
  {
    "jid": "628991602655@s.whatsapp.net",
    "date": "2025-09-22",
    "count": 0
  },
  {
    "jid": "6282220754429@s.whatsapp.net",
    "date": "2025-09-22",
    "count": 0
  },
  {
    "jid": "62895428196166@s.whatsapp.net",
    "date": "2025-09-22",
    "count": 0
  },
  {
    "jid": "6283897284796@s.whatsapp.net",
    "date": "2025-09-22",
    "count": 0
  },
  {
    "jid": "62895428486653@s.whatsapp.net",
    "date": "2025-09-22",
    "count": 0
  },
  {
    "jid": "6289517544365@s.whatsapp.net",
    "date": "2025-09-22",
    "count": 0
  },
  {
    "jid": "6281933947434@s.whatsapp.net",
    "date": "2025-09-22",
    "count": 0
  },
  {
    "jid": "628996748947@s.whatsapp.net",
    "date": "2025-09-22",
    "count": 0
  },
  {
    "jid": "6285143019446@s.whatsapp.net",
    "date": "2025-09-22",
    "count": 0
  },
  {
    "jid": "6281542699164@s.whatsapp.net",
    "date": "2025-09-22",
    "count": 0
  },
  {
    "jid": "18156806789@s.whatsapp.net",
    "date": "2025-09-22",
    "count": 0
  },
  {
    "jid": "6288221352575@s.whatsapp.net",
    "date": "2025-09-22",
    "count": 0
  },
  {
    "jid": "6285830817269@s.whatsapp.net",
    "date": "2025-09-22",
    "count": 0
  },
  {
    "jid": "628569042217@s.whatsapp.net",
    "date": "2025-09-22",
    "count": 0
  },
  {
    "jid": "62895338084575@s.whatsapp.net",
    "date": "2025-09-22",
    "count": 0
  },
  {
    "jid": "60165777804@s.whatsapp.net",
    "date": "2025-09-22",
    "count": 0
  },
  {
    "jid": "6285772902426@s.whatsapp.net",
    "date": "2025-09-22",
    "count": 0
  },
  {
    "jid": "6289603541258@s.whatsapp.net",
    "date": "2025-09-22",
    "count": 0
  },
  {
    "jid": "6282154263008@s.whatsapp.net",
    "date": "2025-09-22",
    "count": 0
  },
  {
    "jid": "6281274857137@s.whatsapp.net",
    "date": "2025-09-22",
    "count": 0
  },
  {
    "jid": "628812102279@s.whatsapp.net",
    "date": "2025-09-22",
    "count": 0
  },
  {
    "jid": "6282148609035@s.whatsapp.net",
    "date": "2025-09-22",
    "count": 0
  },
  {
    "jid": "6281946081838@s.whatsapp.net",
    "date": "2025-09-22",
    "count": 0
  },
  {
    "jid": "6281445334560@s.whatsapp.net",
    "date": "2025-09-22",
    "count": 0
  },
  {
    "jid": "6282289719707@s.whatsapp.net",
    "date": "2025-09-22",
    "count": 0
  },
  {
    "jid": "6282180109508@s.whatsapp.net",
    "date": "2025-09-22",
    "count": 0
  },
  {
    "jid": "6281514383144@s.whatsapp.net",
    "date": "2025-09-22",
    "count": 0
  },
  {
    "jid": "6289530086827@s.whatsapp.net",
    "date": "2025-09-22",
    "count": 0
  },
  {
    "jid": "6285814752300@s.whatsapp.net",
    "date": "2025-09-22",
    "count": 0
  },
  {
    "jid": "6281548656135@s.whatsapp.net",
    "date": "2025-09-22",
    "count": 0
  },
  {
    "jid": "6289507516178@s.whatsapp.net",
    "date": "2025-09-22",
    "count": 0
  },
  {
    "jid": "6289512485947@s.whatsapp.net",
    "date": "2025-09-22",
    "count": 0
  },
  {
    "jid": "6287777818290@s.whatsapp.net",
    "date": "2025-09-22",
    "count": 0
  },
  {
    "jid": "6282218146159@s.whatsapp.net",
    "date": "2025-09-22",
    "count": 0
  },
  {
    "jid": "6285810033517@s.whatsapp.net",
    "date": "2025-09-22",
    "count": 0
  },
  {
    "jid": "6282192151295@s.whatsapp.net",
    "date": "2025-09-22",
    "count": 0
  },
  {
    "jid": "6285211939731@s.whatsapp.net",
    "date": "2025-09-22",
    "count": 0
  },
  {
    "jid": "6289519261504@s.whatsapp.net",
    "date": "2025-09-22",
    "count": 0
  },
  {
    "jid": "6285714768292@s.whatsapp.net",
    "date": "2025-09-22",
    "count": 0
  },
  {
    "jid": "6285117405598@s.whatsapp.net",
    "date": "2025-09-22",
    "count": 0
  },
  {
    "jid": "6285794747052@s.whatsapp.net",
    "date": "2025-09-22",
    "count": 0
  },
  {
    "jid": "6287717783262@s.whatsapp.net",
    "date": "2025-09-22",
    "count": 0
  },
  {
    "jid": "6288242934035@s.whatsapp.net",
    "date": "2025-09-22",
    "count": 0
  },
  {
    "jid": "6285280488030@s.whatsapp.net",
    "date": "2025-09-22",
    "count": 0
  },
  {
    "jid": "6281529498266@s.whatsapp.net",
    "date": "2025-09-22",
    "count": 0
  },
  {
    "jid": "6282229566123@s.whatsapp.net",
    "date": "2025-09-22",
    "count": 0
  },
  {
    "jid": "6282179672600@s.whatsapp.net",
    "date": "2025-09-22",
    "count": 0
  },
  {
    "jid": "6285222175856@s.whatsapp.net",
    "date": "2025-09-22",
    "count": 0
  },
  {
    "jid": "6285216017390@s.whatsapp.net",
    "date": "2025-09-22",
    "count": 0
  },
  {
    "jid": "6285849106668@s.whatsapp.net",
    "date": "2025-09-22",
    "count": 0
  },
  {
    "jid": "6285236315616@s.whatsapp.net",
    "date": "2025-09-22",
    "count": 0
  },
  {
    "jid": "6281371659085@s.whatsapp.net",
    "date": "2025-09-22",
    "count": 0
  },
  {
    "jid": "6285759017883@s.whatsapp.net",
    "date": "2025-09-22",
    "count": 0
  },
  {
    "jid": "6285695252381@s.whatsapp.net",
    "date": "2025-09-22",
    "count": 0
  },
  {
    "jid": "6283852456042@s.whatsapp.net",
    "date": "2025-09-22",
    "count": 0
  },
  {
    "jid": "6288994183268@s.whatsapp.net",
    "date": "2025-09-22",
    "count": 0
  },
  {
    "jid": "6288291708271@s.whatsapp.net",
    "date": "2025-09-22",
    "count": 0
  },
  {
    "jid": "6282342090272@s.whatsapp.net",
    "date": "2025-09-22",
    "count": 0
  },
  {
    "jid": "6283837203011@s.whatsapp.net",
    "date": "2025-09-22",
    "count": 0
  },
  {
    "jid": "6288222159154@s.whatsapp.net",
    "date": "2025-09-22",
    "count": 0
  },
  {
    "jid": "6281318084522@s.whatsapp.net",
    "date": "2025-09-22",
    "count": 0
  },
  {
    "jid": "6281334177579@s.whatsapp.net",
    "date": "2025-09-22",
    "count": 0
  },
  {
    "jid": "6285282516704@s.whatsapp.net",
    "date": "2025-09-22",
    "count": 0
  },
  {
    "jid": "6282246887830@s.whatsapp.net",
    "date": "2025-09-22",
    "count": 0
  },
  {
    "jid": "6289504316808@s.whatsapp.net",
    "date": "2025-09-22",
    "count": 0
  },
  {
    "jid": "62882008720033@s.whatsapp.net",
    "date": "2025-09-22",
    "count": 0
  },
  {
    "jid": "6285183078516@s.whatsapp.net",
    "date": "2025-09-22",
    "count": 0
  },
  {
    "jid": "62895402083966@s.whatsapp.net",
    "date": "2025-09-22",
    "count": 0
  },
  {
    "jid": "628565033573@s.whatsapp.net",
    "date": "2025-09-22",
    "count": 0
  },
  {
    "jid": "6288286306231@s.whatsapp.net",
    "date": "2025-09-22",
    "count": 0
  },
  {
    "jid": "6283183538340@s.whatsapp.net",
    "date": "2025-09-22",
    "count": 0
  },
  {
    "jid": "6285783782781@s.whatsapp.net",
    "date": "2025-09-22",
    "count": 0
  },
  {
    "jid": "6285752376215@s.whatsapp.net",
    "date": "2025-09-22",
    "count": 0
  },
  {
    "jid": "6288905819909@s.whatsapp.net",
    "date": "2025-09-22",
    "count": 4
  },
  {
    "jid": "6285883381978@s.whatsapp.net",
    "date": "2025-09-22",
    "count": 0
  },
  {
    "jid": "6285922395945@s.whatsapp.net",
    "date": "2025-09-22",
    "count": 0
  },
  {
    "jid": "6285855353835@s.whatsapp.net",
    "date": "2025-09-22",
    "count": 0
  },
  {
    "jid": "6281549108944@s.whatsapp.net",
    "date": "2025-09-22",
    "count": 0
  },
  {
    "jid": "6289505054438@s.whatsapp.net",
    "date": "2025-09-22",
    "count": 0
  },
  {
    "jid": "6285211958917@s.whatsapp.net",
    "date": "2025-09-22",
    "count": 0
  },
  {
    "jid": "628812461079@s.whatsapp.net",
    "date": "2025-09-22",
    "count": 0
  },
  {
    "jid": "6281229920938@s.whatsapp.net",
    "date": "2025-09-22",
    "count": 0
  },
  {
    "jid": "6289699666077@s.whatsapp.net",
    "date": "2025-09-22",
    "count": 0
  },
  {
    "jid": "6281542086597@s.whatsapp.net",
    "date": "2025-09-22",
    "count": 0
  },
  {
    "jid": "6281360485124@s.whatsapp.net",
    "date": "2025-09-22",
    "count": 0
  },
  {
    "jid": "6283832089273@s.whatsapp.net",
    "date": "2025-09-22",
    "count": 0
  },
  {
    "jid": "6287883458378@s.whatsapp.net",
    "date": "2025-09-22",
    "count": 0
  },
  {
    "jid": "6283836589558@s.whatsapp.net",
    "date": "2025-09-22",
    "count": 0
  },
  {
    "jid": "6287782482661@s.whatsapp.net",
    "date": "2025-09-22",
    "count": 0
  },
  {
    "jid": "6285218204972@s.whatsapp.net",
    "date": "2025-09-22",
    "count": 0
  },
  {
    "jid": "6289630341411@s.whatsapp.net",
    "date": "2025-09-22",
    "count": 0
  },
  {
    "jid": "6285169829907@s.whatsapp.net",
    "date": "2025-09-22",
    "count": 0
  },
  {
    "jid": "6282186468335@s.whatsapp.net",
    "date": "2025-09-22",
    "count": 0
  },
  {
    "jid": "62882008382097@s.whatsapp.net",
    "date": "2025-09-22",
    "count": 0
  },
  {
    "jid": "6285715973681@s.whatsapp.net",
    "date": "2025-09-22",
    "count": 0
  },
  {
    "jid": "6281380571323@s.whatsapp.net",
    "date": "2025-09-22",
    "count": 0
  },
  {
    "jid": "6285888206973@s.whatsapp.net",
    "date": "2025-09-22",
    "count": 0
  },
  {
    "jid": "6285298445474@s.whatsapp.net",
    "date": "2025-09-22",
    "count": 0
  },
  {
    "jid": "6285777482049@s.whatsapp.net",
    "date": "2025-09-22",
    "count": 0
  },
  {
    "jid": "6287720330780@s.whatsapp.net",
    "date": "2025-09-22",
    "count": 0
  },
  {
    "jid": "628812420048@s.whatsapp.net",
    "date": "2025-09-22",
    "count": 0
  },
  {
    "jid": "6288272193619@s.whatsapp.net",
    "date": "2025-09-22",
    "count": 0
  },
  {
    "jid": "6285865950994@s.whatsapp.net",
    "date": "2025-09-22",
    "count": 0
  },
  {
    "jid": "6287846169001@s.whatsapp.net",
    "date": "2025-09-22",
    "count": 0
  },
  {
    "jid": "6285795801366@s.whatsapp.net",
    "date": "2025-09-22",
    "count": 0
  },
  {
    "jid": "6281226299392@s.whatsapp.net",
    "date": "2025-09-22",
    "count": 0
  },
  {
    "jid": "628884630118@s.whatsapp.net",
    "date": "2025-09-22",
    "count": 0
  },
  {
    "jid": "6281515023885@s.whatsapp.net",
    "date": "2025-09-22",
    "count": 0
  },
  {
    "jid": "628819175108@s.whatsapp.net",
    "date": "2025-09-22",
    "count": 0
  },
  {
    "jid": "6282285352814@s.whatsapp.net",
    "date": "2025-09-22",
    "count": 0
  },
  {
    "jid": "6289521058000@s.whatsapp.net",
    "date": "2025-09-22",
    "count": 0
  },
  {
    "jid": "6287847569859@s.whatsapp.net",
    "date": "2025-09-22",
    "count": 0
  },
  {
    "jid": "6281316095088@s.whatsapp.net",
    "date": "2025-09-22",
    "count": 0
  },
  {
    "jid": "6283845954668@s.whatsapp.net",
    "date": "2025-09-22",
    "count": 0
  },
  {
    "jid": "6282154432428@s.whatsapp.net",
    "date": "2025-09-22",
    "count": 0
  },
  {
    "jid": "6282189831518@s.whatsapp.net",
    "date": "2025-09-22",
    "count": 0
  },
  {
    "jid": "6282337720877@s.whatsapp.net",
    "date": "2025-09-22",
    "count": 0
  },
  {
    "jid": "6282258771129@s.whatsapp.net",
    "date": "2025-09-22",
    "count": 0
  },
  {
    "jid": "6282196033445@s.whatsapp.net",
    "date": "2025-09-22",
    "count": 0
  },
  {
    "jid": "6283834071211@s.whatsapp.net",
    "date": "2025-09-22",
    "count": 0
  },
  {
    "jid": "6289527743440@s.whatsapp.net",
    "date": "2025-09-22",
    "count": 0
  },
  {
    "jid": "6283870665697@s.whatsapp.net",
    "date": "2025-09-22",
    "count": 0
  },
  {
    "jid": "6282146208100@s.whatsapp.net",
    "date": "2025-09-22",
    "count": 0
  },
  {
    "jid": "6288294273851@s.whatsapp.net",
    "date": "2025-09-22",
    "count": 0
  },
  {
    "jid": "6282253189432@s.whatsapp.net",
    "date": "2025-09-22",
    "count": 0
  },
  {
    "jid": "6285808952260@s.whatsapp.net",
    "date": "2025-09-22",
    "count": 0
  },
  {
    "jid": "6287751311892@s.whatsapp.net",
    "date": "2025-09-22",
    "count": 0
  },
  {
    "jid": "6282246146402@s.whatsapp.net",
    "date": "2025-09-22",
    "count": 0
  },
  {
    "jid": "6281212058164@s.whatsapp.net",
    "date": "2025-09-22",
    "count": 0
  },
  {
    "jid": "6281357630751@s.whatsapp.net",
    "date": "2025-09-22",
    "count": 0
  },
  {
    "jid": "6285794146380@s.whatsapp.net",
    "date": "2025-09-22",
    "count": 0
  },
  {
    "jid": "6285863164064@s.whatsapp.net",
    "date": "2025-09-22",
    "count": 0
  },
  {
    "jid": "6283831124045@s.whatsapp.net",
    "date": "2025-09-22",
    "count": 0
  },
  {
    "jid": "6281215881685@s.whatsapp.net",
    "date": "2025-09-22",
    "count": 0
  },
  {
    "jid": "6283824303212@s.whatsapp.net",
    "date": "2025-09-22",
    "count": 0
  },
  {
    "jid": "6288971966299@s.whatsapp.net",
    "date": "2025-09-22",
    "count": 0
  },
  {
    "jid": "6281348581605@s.whatsapp.net",
    "date": "2025-09-22",
    "count": 0
  },
  {
    "jid": "6287838005096@s.whatsapp.net",
    "date": "2025-09-22",
    "count": 0
  },
  {
    "jid": "6289522806766@s.whatsapp.net",
    "date": "2025-09-22",
    "count": 0
  },
  {
    "jid": "6281374813379@s.whatsapp.net",
    "date": "2025-09-22",
    "count": 0
  },
  {
    "jid": "6288226901306@s.whatsapp.net",
    "date": "2025-09-22",
    "count": 0
  },
  {
    "jid": "6285757891937@s.whatsapp.net",
    "date": "2025-09-22",
    "count": 0
  },
  {
    "jid": "6288214579275@s.whatsapp.net",
    "date": "2025-09-22",
    "count": 0
  },
  {
    "jid": "6285183112618@s.whatsapp.net",
    "date": "2025-09-22",
    "count": 0
  },
  {
    "jid": "6285876257774@s.whatsapp.net",
    "date": "2025-09-22",
    "count": 0
  },
  {
    "jid": "6285331076674@s.whatsapp.net",
    "date": "2025-09-22",
    "count": 0
  },
  {
    "jid": "6281546813084@s.whatsapp.net",
    "date": "2025-09-22",
    "count": 0
  },
  {
    "jid": "6285602333923@s.whatsapp.net",
    "date": "2025-09-22",
    "count": 0
  },
  {
    "jid": "6282155540588@s.whatsapp.net",
    "date": "2025-09-22",
    "count": 0
  },
  {
    "jid": "6282181976334@s.whatsapp.net",
    "date": "2025-09-22",
    "count": 0
  },
  {
    "jid": "6281248402254@s.whatsapp.net",
    "date": "2025-09-22",
    "count": 0
  },
  {
    "jid": "6285776700730@s.whatsapp.net",
    "date": "2025-09-22",
    "count": 0
  },
  {
    "jid": "6285656047696@s.whatsapp.net",
    "date": "2025-09-22",
    "count": 0
  },
  {
    "jid": "6282185066318@s.whatsapp.net",
    "date": "2025-09-22",
    "count": 0
  },
  {
    "jid": "628973969470@s.whatsapp.net",
    "date": "2025-09-22",
    "count": 0
  },
  {
    "jid": "6283845852752@s.whatsapp.net",
    "date": "2025-09-22",
    "count": 0
  },
  {
    "jid": "6283845284722@s.whatsapp.net",
    "date": "2025-09-22",
    "count": 0
  },
  {
    "jid": "628885471598@s.whatsapp.net",
    "date": "2025-09-22",
    "count": 0
  },
  {
    "jid": "6285124570600@s.whatsapp.net",
    "date": "2025-09-22",
    "count": 0
  },
  {
    "jid": "628568551547@s.whatsapp.net",
    "date": "2025-09-22",
    "count": 0
  },
  {
    "jid": "6282254511919@s.whatsapp.net",
    "date": "2025-09-22",
    "count": 0
  },
  {
    "jid": "6283846077585@s.whatsapp.net",
    "date": "2025-09-22",
    "count": 0
  },
  {
    "jid": "6283820565165@s.whatsapp.net",
    "date": "2025-09-22",
    "count": 0
  },
  {
    "jid": "6285751926691@s.whatsapp.net",
    "date": "2025-09-22",
    "count": 0
  },
  {
    "jid": "6285822714679@s.whatsapp.net",
    "date": "2025-09-22",
    "count": 0
  },
  {
    "jid": "6285939523019@s.whatsapp.net",
    "date": "2025-09-22",
    "count": 0
  },
  {
    "jid": "6282322153459@s.whatsapp.net",
    "date": "2025-09-22",
    "count": 0
  },
  {
    "jid": "62895610081030@s.whatsapp.net",
    "date": "2025-09-22",
    "count": 0
  },
  {
    "jid": "6281336116516@s.whatsapp.net",
    "date": "2025-09-22",
    "count": 0
  },
  {
    "jid": "6281368446027@s.whatsapp.net",
    "date": "2025-09-22",
    "count": 0
  },
  {
    "jid": "6282117241917@s.whatsapp.net",
    "date": "2025-09-22",
    "count": 0
  },
  {
    "jid": "6281649035382@s.whatsapp.net",
    "date": "2025-09-22",
    "count": 0
  },
  {
    "jid": "6285708791290@s.whatsapp.net",
    "date": "2025-09-22",
    "count": 0
  },
  {
    "jid": "62881012538565@s.whatsapp.net",
    "date": "2025-09-22",
    "count": 0
  },
  {
    "jid": "6285236923032@s.whatsapp.net",
    "date": "2025-09-22",
    "count": 0
  },
  {
    "jid": "6281999177906@s.whatsapp.net",
    "date": "2025-09-22",
    "count": 0
  },
  {
    "jid": "6281324983344@s.whatsapp.net",
    "date": "2025-09-22",
    "count": 0
  },
  {
    "jid": "6285860309067@s.whatsapp.net",
    "date": "2025-09-22",
    "count": 0
  },
  {
    "jid": "6282195805044@s.whatsapp.net",
    "date": "2025-09-22",
    "count": 0
  },
  {
    "jid": "6282259395960@s.whatsapp.net",
    "date": "2025-09-22",
    "count": 0
  },
  {
    "jid": "6289515346851@s.whatsapp.net",
    "date": "2025-09-22",
    "count": 0
  },
  {
    "jid": "6287763384650@s.whatsapp.net",
    "date": "2025-09-22",
    "count": 0
  },
  {
    "jid": "6285546522245@s.whatsapp.net",
    "date": "2025-09-22",
    "count": 0
  },
  {
    "jid": "6285714672228@s.whatsapp.net",
    "date": "2025-09-22",
    "count": 0
  },
  {
    "jid": "6281371609234@s.whatsapp.net",
    "date": "2025-09-22",
    "count": 0
  },
  {
    "jid": "6281272193491@s.whatsapp.net",
    "date": "2025-09-22",
    "count": 0
  },
  {
    "jid": "6287776963757@s.whatsapp.net",
    "date": "2025-09-22",
    "count": 0
  },
  {
    "jid": "6289504308445@s.whatsapp.net",
    "date": "2025-09-22",
    "count": 0
  },
  {
    "jid": "6282257697906@s.whatsapp.net",
    "date": "2025-09-22",
    "count": 0
  },
  {
    "jid": "6285797829667@s.whatsapp.net",
    "date": "2025-09-22",
    "count": 0
  },
  {
    "jid": "6285174403580@s.whatsapp.net",
    "date": "2025-09-22",
    "count": 0
  },
  {
    "jid": "6282196979765@s.whatsapp.net",
    "date": "2025-09-22",
    "count": 0
  },
  {
    "jid": "6282333864782@s.whatsapp.net",
    "date": "2025-09-22",
    "count": 0
  },
  {
    "jid": "6289529359806@s.whatsapp.net",
    "date": "2025-09-22",
    "count": 0
  },
  {
    "jid": "6283160315650@s.whatsapp.net",
    "date": "2025-09-22",
    "count": 0
  },
  {
    "jid": "6285143978077@s.whatsapp.net",
    "date": "2025-09-22",
    "count": 0
  },
  {
    "jid": "628812726626@s.whatsapp.net",
    "date": "2025-09-22",
    "count": 0
  },
  {
    "jid": "6282132818196@s.whatsapp.net",
    "date": "2025-09-22",
    "count": 0
  },
  {
    "jid": "6285240472236@s.whatsapp.net",
    "date": "2025-09-22",
    "count": 0
  },
  {
    "jid": "6285135282163@s.whatsapp.net",
    "date": "2025-09-22",
    "count": 0
  },
  {
    "jid": "6285172156689@s.whatsapp.net",
    "date": "2025-09-22",
    "count": 0
  },
  {
    "jid": "6285156093936@s.whatsapp.net",
    "date": "2025-09-22",
    "count": 0
  },
  {
    "jid": "6285722261895@s.whatsapp.net",
    "date": "2025-09-22",
    "count": 0
  },
  {
    "jid": "6282120752012@s.whatsapp.net",
    "date": "2025-09-22",
    "count": 0
  },
  {
    "jid": "62881036668875@s.whatsapp.net",
    "date": "2025-09-22",
    "count": 0
  },
  {
    "jid": "6289624752299@s.whatsapp.net",
    "date": "2025-09-22",
    "count": 0
  },
  {
    "jid": "6285824745430@s.whatsapp.net",
    "date": "2025-09-22",
    "count": 0
  },
  {
    "jid": "6281573677967@s.whatsapp.net",
    "date": "2025-09-22",
    "count": 0
  },
  {
    "jid": "6288289714724@s.whatsapp.net",
    "date": "2025-09-22",
    "count": 0
  },
  {
    "jid": "6283851152841@s.whatsapp.net",
    "date": "2025-09-22",
    "count": 0
  },
  {
    "jid": "6285934637432@s.whatsapp.net",
    "date": "2025-09-22",
    "count": 0
  },
  {
    "jid": "6281335693077@s.whatsapp.net",
    "date": "2025-09-22",
    "count": 0
  },
  {
    "jid": "6283136929107@s.whatsapp.net",
    "date": "2025-09-22",
    "count": 0
  },
  {
    "jid": "6289603097931@s.whatsapp.net",
    "date": "2025-09-22",
    "count": 0
  },
  {
    "jid": "6285754689378@s.whatsapp.net",
    "date": "2025-09-22",
    "count": 0
  },
  {
    "jid": "62895633994333@s.whatsapp.net",
    "date": "2025-09-22",
    "count": 0
  },
  {
    "jid": "6281617612663@s.whatsapp.net",
    "date": "2025-09-22",
    "count": 0
  },
  {
    "jid": "6281367435370@s.whatsapp.net",
    "date": "2025-09-22",
    "count": 0
  },
  {
    "jid": "6281228144237@s.whatsapp.net",
    "date": "2025-09-22",
    "count": 0
  },
  {
    "jid": "6281345455746@s.whatsapp.net",
    "date": "2025-09-22",
    "count": 0
  },
  {
    "jid": "6287798685603@s.whatsapp.net",
    "date": "2025-09-22",
    "count": 0
  },
  {
    "jid": "6289513798792@s.whatsapp.net",
    "date": "2025-09-22",
    "count": 0
  },
  {
    "jid": "6282324469679@s.whatsapp.net",
    "date": "2025-09-22",
    "count": 0
  },
  {
    "jid": "6281339723099@s.whatsapp.net",
    "date": "2025-09-22",
    "count": 0
  },
  {
    "jid": "6283168213661@s.whatsapp.net",
    "date": "2025-09-22",
    "count": 0
  },
  {
    "jid": "62895326720735@s.whatsapp.net",
    "date": "2025-09-22",
    "count": 0
  },
  {
    "jid": "6281933954006@s.whatsapp.net",
    "date": "2025-09-22",
    "count": 0
  },
  {
    "jid": "6282125901683@s.whatsapp.net",
    "date": "2025-09-22",
    "count": 0
  },
  {
    "jid": "6281927595680@s.whatsapp.net",
    "date": "2025-09-22",
    "count": 0
  },
  {
    "jid": "6282153120699@s.whatsapp.net",
    "date": "2025-09-22",
    "count": 0
  },
  {
    "jid": "6281374170326@s.whatsapp.net",
    "date": "2025-09-22",
    "count": 0
  },
  {
    "jid": "6283829110324@s.whatsapp.net",
    "date": "2025-09-22",
    "count": 0
  },
  {
    "jid": "6287746084707@s.whatsapp.net",
    "date": "2025-09-22",
    "count": 0
  },
  {
    "jid": "6282231643499@s.whatsapp.net",
    "date": "2025-09-22",
    "count": 0
  },
  {
    "jid": "6281232643969@s.whatsapp.net",
    "date": "2025-09-22",
    "count": 0
  },
  {
    "jid": "6289530788383@s.whatsapp.net",
    "date": "2025-09-22",
    "count": 0
  },
  {
    "jid": "6282131689102@s.whatsapp.net",
    "date": "2025-09-22",
    "count": 0
  },
  {
    "jid": "6285135002136@s.whatsapp.net",
    "date": "2025-09-22",
    "count": 0
  },
  {
    "jid": "6282177821454@s.whatsapp.net",
    "date": "2025-09-22",
    "count": 0
  },
  {
    "jid": "6287858970768@s.whatsapp.net",
    "date": "2025-09-22",
    "count": 0
  },
  {
    "jid": "6285822937079@s.whatsapp.net",
    "date": "2025-09-22",
    "count": 0
  },
  {
    "jid": "6288745356412@s.whatsapp.net",
    "date": "2025-09-22",
    "count": 0
  },
  {
    "jid": "6285691912032@s.whatsapp.net",
    "date": "2025-09-22",
    "count": 0
  },
  {
    "jid": "6283894552145@s.whatsapp.net",
    "date": "2025-09-22",
    "count": 0
  },
  {
    "jid": "6285281474148@s.whatsapp.net",
    "date": "2025-09-22",
    "count": 0
  },
  {
    "jid": "6282324553241@s.whatsapp.net",
    "date": "2025-09-22",
    "count": 0
  },
  {
    "jid": "6289504965606@s.whatsapp.net",
    "date": "2025-09-22",
    "count": 0
  },
  {
    "jid": "6285280226621@s.whatsapp.net",
    "date": "2025-09-22",
    "count": 0
  },
  {
    "jid": "6283121658122@s.whatsapp.net",
    "date": "2025-09-22",
    "count": 0
  },
  {
    "jid": "6285820026115@s.whatsapp.net",
    "date": "2025-09-22",
    "count": 0
  },
  {
    "jid": "6281346522851@s.whatsapp.net",
    "date": "2025-09-22",
    "count": 0
  },
  {
    "jid": "6282130668880@s.whatsapp.net",
    "date": "2025-09-22",
    "count": 0
  },
  {
    "jid": "6287849455175@s.whatsapp.net",
    "date": "2025-09-22",
    "count": 0
  },
  {
    "jid": "62895328444018@s.whatsapp.net",
    "date": "2025-09-22",
    "count": 0
  },
  {
    "jid": "6282190291890@s.whatsapp.net",
    "date": "2025-09-22",
    "count": 0
  },
  {
    "jid": "6281572612885@s.whatsapp.net",
    "date": "2025-09-22",
    "count": 0
  },
  {
    "jid": "6283863118197@s.whatsapp.net",
    "date": "2025-09-22",
    "count": 0
  },
  {
    "jid": "6281385981055@s.whatsapp.net",
    "date": "2025-09-22",
    "count": 0
  },
  {
    "jid": "6285769712089@s.whatsapp.net",
    "date": "2025-09-22",
    "count": 0
  },
  {
    "jid": "6283147561855@s.whatsapp.net",
    "date": "2025-09-22",
    "count": 0
  },
  {
    "jid": "6285792842691@s.whatsapp.net",
    "date": "2025-09-22",
    "count": 0
  },
  {
    "jid": "62882005647233@s.whatsapp.net",
    "date": "2025-09-22",
    "count": 0
  },
  {
    "jid": "6288291160219@s.whatsapp.net",
    "date": "2025-09-22",
    "count": 0
  },
  {
    "jid": "628814969114@s.whatsapp.net",
    "date": "2025-09-22",
    "count": 0
  },
  {
    "jid": "6287865458337@s.whatsapp.net",
    "date": "2025-09-22",
    "count": 0
  },
  {
    "jid": "6282155609635@s.whatsapp.net",
    "date": "2025-09-22",
    "count": 0
  },
  {
    "jid": "6283818236750@s.whatsapp.net",
    "date": "2025-09-22",
    "count": 0
  },
  {
    "jid": "6282315869293@s.whatsapp.net",
    "date": "2025-09-22",
    "count": 0
  },
  {
    "jid": "6285847785875@s.whatsapp.net",
    "date": "2025-09-22",
    "count": 0
  },
  {
    "jid": "6281138103901@s.whatsapp.net",
    "date": "2025-09-22",
    "count": 0
  },
  {
    "jid": "6281358403214@s.whatsapp.net",
    "date": "2025-09-22",
    "count": 0
  },
  {
    "jid": "6285389688583@s.whatsapp.net",
    "date": "2025-09-22",
    "count": 0
  },
  {
    "jid": "6282286565179@s.whatsapp.net",
    "date": "2025-09-22",
    "count": 0
  },
  {
    "jid": "6285399850341@s.whatsapp.net",
    "date": "2025-09-22",
    "count": 0
  },
  {
    "jid": "6285260969614@s.whatsapp.net",
    "date": "2025-09-22",
    "count": 0
  },
  {
    "jid": "6285247193894@s.whatsapp.net",
    "date": "2025-09-22",
    "count": 0
  },
  {
    "jid": "6283116132235@s.whatsapp.net",
    "date": "2025-09-22",
    "count": 0
  },
  {
    "jid": "6285708279262@s.whatsapp.net",
    "date": "2025-09-22",
    "count": 1
  },
  {
    "jid": "6285784850613@s.whatsapp.net",
    "date": "2025-09-22",
    "count": 3
  },
  {
    "jid": "6282189936088@s.whatsapp.net",
    "date": "2025-09-22",
    "count": 0
  },
  {
    "jid": "62895415292330@s.whatsapp.net",
    "date": "2025-09-22",
    "count": 0
  },
  {
    "jid": "6283153380313@s.whatsapp.net",
    "date": "2025-09-22",
    "count": 0
  },
  {
    "jid": "6285194333395@s.whatsapp.net",
    "date": "2025-09-22",
    "count": 0
  },
  {
    "jid": "6285890089646@s.whatsapp.net",
    "date": "2025-09-22",
    "count": 0
  },
  {
    "jid": "6282287177855@s.whatsapp.net",
    "date": "2025-09-22",
    "count": 0
  },
  {
    "jid": "6281575377358@s.whatsapp.net",
    "date": "2025-09-22",
    "count": 0
  },
  {
    "jid": "6287851706370@s.whatsapp.net",
    "date": "2025-09-22",
    "count": 0
  },
  {
    "jid": "6285974120649@s.whatsapp.net",
    "date": "2025-09-22",
    "count": 0
  },
  {
    "jid": "6285656004792@s.whatsapp.net",
    "date": "2025-09-22",
    "count": 0
  },
  {
    "jid": "6285373311356@s.whatsapp.net",
    "date": "2025-09-22",
    "count": 0
  },
  {
    "jid": "6283157172824@s.whatsapp.net",
    "date": "2025-09-22",
    "count": 0
  },
  {
    "jid": "6282285206330@s.whatsapp.net",
    "date": "2025-09-22",
    "count": 0
  },
  {
    "jid": "6285790226039@s.whatsapp.net",
    "date": "2025-09-22",
    "count": 0
  },
  {
    "jid": "62895320926002@s.whatsapp.net",
    "date": "2025-09-22",
    "count": 0
  },
  {
    "jid": "62895325084721@s.whatsapp.net",
    "date": "2025-09-22",
    "count": 0
  },
  {
    "jid": "6282313686079@s.whatsapp.net",
    "date": "2025-09-22",
    "count": 0
  },
  {
    "jid": "6283160077066@s.whatsapp.net",
    "date": "2025-09-22",
    "count": 0
  },
  {
    "jid": "6282335393381@s.whatsapp.net",
    "date": "2025-09-22",
    "count": 0
  },
  {
    "jid": "62881022058247@s.whatsapp.net",
    "date": "2025-09-22",
    "count": 0
  },
  {
    "jid": "6285351329217@s.whatsapp.net",
    "date": "2025-09-22",
    "count": 0
  },
  {
    "jid": "6281934387041@s.whatsapp.net",
    "date": "2025-09-22",
    "count": 0
  },
  {
    "jid": "6285792578238@s.whatsapp.net",
    "date": "2025-09-22",
    "count": 0
  },
  {
    "jid": "6282279725657@s.whatsapp.net",
    "date": "2025-09-22",
    "count": 0
  },
  {
    "jid": "6283117133264@s.whatsapp.net",
    "date": "2025-09-22",
    "count": 0
  },
  {
    "jid": "6282390101791@s.whatsapp.net",
    "date": "2025-09-22",
    "count": 0
  },
  {
    "jid": "6281355564325@s.whatsapp.net",
    "date": "2025-09-22",
    "count": 0
  },
  {
    "jid": "6285269871285@s.whatsapp.net",
    "date": "2025-09-22",
    "count": 0
  },
  {
    "jid": "6285696146104@s.whatsapp.net",
    "date": "2025-09-22",
    "count": 0
  },
  {
    "jid": "62895406207591@s.whatsapp.net",
    "date": "2025-09-22",
    "count": 0
  },
  {
    "jid": "6282225272178@s.whatsapp.net",
    "date": "2025-09-22",
    "count": 0
  },
  {
    "jid": "6285758955718@s.whatsapp.net",
    "date": "2025-09-22",
    "count": 9
  },
  {
    "jid": "62887437184924@s.whatsapp.net",
    "date": "2025-09-22",
    "count": 0
  },
  {
    "jid": "6283891867187@s.whatsapp.net",
    "date": "2025-09-22",
    "count": 0
  },
  {
    "jid": "62881022234329@s.whatsapp.net",
    "date": "2025-09-22",
    "count": 0
  },
  {
    "jid": "6281313394959@s.whatsapp.net",
    "date": "2025-09-22",
    "count": 0
  },
  {
    "jid": "62882008492256@s.whatsapp.net",
    "date": "2025-09-22",
    "count": 0
  },
  {
    "jid": "6281572368626@s.whatsapp.net",
    "date": "2025-09-22",
    "count": 0
  },
  {
    "jid": "6283874837115@s.whatsapp.net",
    "date": "2025-09-22",
    "count": 0
  },
  {
    "jid": "6282254521641@s.whatsapp.net",
    "date": "2025-09-22",
    "count": 0
  },
  {
    "jid": "628814163240@s.whatsapp.net",
    "date": "2025-09-22",
    "count": 0
  },
  {
    "jid": "6288212046634@s.whatsapp.net",
    "date": "2025-09-22",
    "count": 0
  },
  {
    "jid": "6285751681034@s.whatsapp.net",
    "date": "2025-09-22",
    "count": 0
  },
  {
    "jid": "6283829037844@s.whatsapp.net",
    "date": "2025-09-22",
    "count": 0
  },
  {
    "jid": "6285813522947@s.whatsapp.net",
    "date": "2025-09-22",
    "count": 0
  },
  {
    "jid": "6282273837929@s.whatsapp.net",
    "date": "2025-09-22",
    "count": 1
  },
  {
    "jid": "6289530622738@s.whatsapp.net",
    "date": "2025-09-22",
    "count": 0
  },
  {
    "jid": "628896693122@s.whatsapp.net",
    "date": "2025-09-22",
    "count": 0
  },
  {
    "jid": "6281401786339@s.whatsapp.net",
    "date": "2025-09-22",
    "count": 1
  },
  {
    "jid": "6282315851549@s.whatsapp.net",
    "date": "2025-09-22",
    "count": 0
  },
  {
    "jid": "62895337055445@s.whatsapp.net",
    "date": "2025-09-22",
    "count": 0
  },
  {
    "jid": "34603182574@s.whatsapp.net",
    "date": "2025-09-22",
    "count": 0
  },
  {
    "jid": "6285353032358@s.whatsapp.net",
    "date": "2025-09-22",
    "count": 0
  },
  {
    "jid": "6281292257837@s.whatsapp.net",
    "date": "2025-09-22",
    "count": 0
  },
  {
    "jid": "6285955201695@s.whatsapp.net",
    "date": "2025-09-22",
    "count": 0
  },
  {
    "jid": "6285183250739@s.whatsapp.net",
    "date": "2025-09-22",
    "count": 0
  },
  {
    "jid": "6281213090428@s.whatsapp.net",
    "date": "2025-09-22",
    "count": 0
  },
  {
    "jid": "6282312934025@s.whatsapp.net",
    "date": "2025-09-22",
    "count": 0
  },
  {
    "jid": "6281398067201@s.whatsapp.net",
    "date": "2025-09-22",
    "count": 0
  },
  {
    "jid": "6282121248826@s.whatsapp.net",
    "date": "2025-09-22",
    "count": 0
  },
  {
    "jid": "6283862810494@s.whatsapp.net",
    "date": "2025-09-22",
    "count": 0
  },
  {
    "jid": "6285828741165@s.whatsapp.net",
    "date": "2025-09-22",
    "count": 0
  },
  {
    "jid": "6285601743162@s.whatsapp.net",
    "date": "2025-09-22",
    "count": 0
  },
  {
    "jid": "6283117198595@s.whatsapp.net",
    "date": "2025-09-22",
    "count": 0
  },
  {
    "jid": "6288226647196@s.whatsapp.net",
    "date": "2025-09-22",
    "count": 0
  },
  {
    "jid": "6287797297543@s.whatsapp.net",
    "date": "2025-09-22",
    "count": 0
  },
  {
    "jid": "6285808213508@s.whatsapp.net",
    "date": "2025-09-22",
    "count": 0
  },
  {
    "jid": "6283142110522@s.whatsapp.net",
    "date": "2025-09-22",
    "count": 0
  },
  {
    "jid": "62895615063060@s.whatsapp.net",
    "date": "2025-09-22",
    "count": 0
  },
  {
    "jid": "6281913752910@s.whatsapp.net",
    "date": "2025-09-22",
    "count": 0
  },
  {
    "jid": "6282120896607@s.whatsapp.net",
    "date": "2025-09-22",
    "count": 0
  },
  {
    "jid": "6283133906733@s.whatsapp.net",
    "date": "2025-09-22",
    "count": 1
  },
  {
    "jid": "77474571337@s.whatsapp.net",
    "date": "2025-09-22",
    "count": 0
  },
  {
    "jid": "62881012691078@s.whatsapp.net",
    "date": "2025-09-22",
    "count": 0
  },
  {
    "jid": "6283187237004@s.whatsapp.net",
    "date": "2025-09-22",
    "count": 0
  },
  {
    "jid": "6283847258685@s.whatsapp.net",
    "date": "2025-09-22",
    "count": 0
  },
  {
    "jid": "628818092378@s.whatsapp.net",
    "date": "2025-09-22",
    "count": 0
  },
  {
    "jid": "6283151555105@s.whatsapp.net",
    "date": "2025-09-22",
    "count": 0
  },
  {
    "jid": "6285719202038@s.whatsapp.net",
    "date": "2025-09-22",
    "count": 0
  },
  {
    "jid": "6289521432910@s.whatsapp.net",
    "date": "2025-09-22",
    "count": 0
  },
  {
    "jid": "6282174667356@s.whatsapp.net",
    "date": "2025-09-22",
    "count": 0
  },
  {
    "jid": "6285166396497@s.whatsapp.net",
    "date": "2025-09-22",
    "count": 0
  },
  {
    "jid": "923116316214@s.whatsapp.net",
    "date": "2025-09-22",
    "count": 0
  },
  {
    "jid": "6285166981043@s.whatsapp.net",
    "date": "2025-09-22",
    "count": 0
  },
  {
    "jid": "628999809547@s.whatsapp.net",
    "date": "2025-09-22",
    "count": 0
  },
  {
    "jid": "6289637542164@s.whatsapp.net",
    "date": "2025-09-22",
    "count": 0
  },
  {
    "jid": "6283111035256@s.whatsapp.net",
    "date": "2025-09-22",
    "count": 1
  },
  {
    "jid": "6285710528671@s.whatsapp.net",
    "date": "2025-09-22",
    "count": 0
  },
  {
    "jid": "6287792038186@s.whatsapp.net",
    "date": "2025-09-22",
    "count": 0
  },
  {
    "jid": "6285213604894@s.whatsapp.net",
    "date": "2025-09-22",
    "count": 0
  },
  {
    "jid": "6282299584549@s.whatsapp.net",
    "date": "2025-09-22",
    "count": 0
  },
  {
    "jid": "62882003639040@s.whatsapp.net",
    "date": "2025-09-22",
    "count": 0
  },
  {
    "jid": "6288902997335@s.whatsapp.net",
    "date": "2025-09-22",
    "count": 0
  },
  {
    "jid": "6282119226502@s.whatsapp.net",
    "date": "2025-09-22",
    "count": 5
  },
  {
    "jid": "628816742124@s.whatsapp.net",
    "date": "2025-09-22",
    "count": 0
  },
  {
    "jid": "6281282684133@s.whatsapp.net",
    "date": "2025-09-22",
    "count": 0
  },
  {
    "jid": "6288986174243@s.whatsapp.net",
    "date": "2025-09-22",
    "count": 4
  },
  {
    "jid": "6282118412445@s.whatsapp.net",
    "date": "2025-09-22",
    "count": 0
  },
  {
    "jid": "6285705595711@s.whatsapp.net",
    "date": "2025-09-22",
    "count": 0
  },
  {
    "jid": "6287722419789@s.whatsapp.net",
    "date": "2025-09-22",
    "count": 6
  },
  {
    "jid": "6281543496975@s.whatsapp.net",
    "date": "2025-09-22",
    "count": 0
  },
  {
    "jid": "48459260793@s.whatsapp.net",
    "date": "2025-09-22",
    "count": 0
  },
  {
    "jid": "62895616160804@s.whatsapp.net",
    "date": "2025-09-22",
    "count": 0
  },
  {
    "jid": "6282198368300@s.whatsapp.net",
    "date": "2025-09-22",
    "count": 0
  },
  {
    "jid": "6283169652560@s.whatsapp.net",
    "date": "2025-09-22",
    "count": 0
  },
  {
    "jid": "6283824996057@s.whatsapp.net",
    "date": "2025-09-22",
    "count": 0
  },
  {
    "jid": "6285640494746@s.whatsapp.net",
    "date": "2025-09-22",
    "count": 0
  },
  {
    "jid": "6285888191912@s.whatsapp.net",
    "date": "2025-09-22",
    "count": 0
  },
  {
    "jid": "6282311784767@s.whatsapp.net",
    "date": "2025-09-22",
    "count": 0
  },
  {
    "jid": "6281378027745@s.whatsapp.net",
    "date": "2025-09-22",
    "count": 0
  },
  {
    "jid": "6289652153913@s.whatsapp.net",
    "date": "2025-09-22",
    "count": 0
  },
  {
    "jid": "6287774943264@s.whatsapp.net",
    "date": "2025-09-22",
    "count": 0
  },
  {
    "jid": "989115762563@s.whatsapp.net",
    "date": "2025-09-22",
    "count": 0
  },
  {
    "jid": "52162663063776@lid",
    "date": "2025-09-22",
    "count": 0
  },
  {
    "jid": "6282223304862@s.whatsapp.net",
    "date": "2025-09-22",
    "count": 0
  },
  {
    "jid": "6288705386169@s.whatsapp.net",
    "date": "2025-09-22",
    "count": 1
  },
  {
    "jid": "6285705390430@s.whatsapp.net",
    "date": "2025-09-22",
    "count": 0
  },
  {
    "jid": "6283152067372@s.whatsapp.net",
    "date": "2025-09-22",
    "count": 0
  },
  {
    "jid": "6287777197960@s.whatsapp.net",
    "date": "2025-09-22",
    "count": 0
  },
  {
    "jid": "6287836411005@s.whatsapp.net",
    "date": "2025-09-22",
    "count": 0
  },
  {
    "jid": "62895322716319@s.whatsapp.net",
    "date": "2025-09-22",
    "count": 0
  },
  {
    "jid": "6285138727559@s.whatsapp.net",
    "date": "2025-09-22",
    "count": 1
  },
  {
    "jid": "62817326605@s.whatsapp.net",
    "date": "2025-09-22",
    "count": 0
  },
  {
    "jid": "6285731839315@s.whatsapp.net",
    "date": "2025-09-22",
    "count": 1
  },
  {
    "jid": "6282230806620@s.whatsapp.net",
    "date": "2025-09-22",
    "count": 12
  },
  {
    "jid": "6288246387665@s.whatsapp.net",
    "date": "2025-09-22",
    "count": 2
  },
  {
    "jid": "6282189935216@s.whatsapp.net",
    "date": "2025-09-22",
    "count": 1
  },
  {
    "jid": "6285166370226@s.whatsapp.net",
    "date": "2025-09-22",
    "count": 1
  }
]