{
  "62895803031177@s.whatsapp.net": [
    24,
    31,
    41
  ],
  "6285198853944@s.whatsapp.net": [
    26,
    27,
    28,
    33,
    34,
    38,
    40,
    43,
    48,
    52,
    54,
    73
  ],
  "6287792038186@s.whatsapp.net": [
    29,
    46
  ],
  "6285705390430@s.whatsapp.net": [
    32,
    55,
    66
  ],
  "6283831803866@s.whatsapp.net": [
    37,
    74
  ],
  "6283898318616@s.whatsapp.net": [
    57,
    63,
    64,
    71
  ],
  "6283843090990@s.whatsapp.net": [
    58,
    59,
    60,
    61,
    62,
    68,
    69
  ]
}