{
  "223,63,179,82,91,136,84,16,37,71,201,20,173,145,162,101,236,181,131,240,180,141,40,222,225,118,204,58,225,250,56,192": {
    "command": ".menu",
    "addedBy": "6281249703469@s.whatsapp.net",
    "addedAt": 1765208227332,
    "stickerInfo": {
      "isAnimated": false,
      "packName": "Unknown"
    }
  },
  "245,224,161,84,167,18,191,73,186,207,22,145,41,36,130,27,67,251,246,30,89,124,29,173,187,201,210,157,17,58,156,1": {
    "command": ".bratgambar memek",
    "addedBy": "6281249703469@s.whatsapp.net",
    "addedAt": 1765208548294,
    "stickerInfo": {
      "isAnimated": false,
      "packName": "Unknown"
    }
  },
  "55,55,163,228,10,65,142,135,211,224,40,42,118,129,252,252,233,22,250,105,127,74,247,227,77,38,142,76,128,65,183,199": {
    "command": ".bot",
    "addedBy": "6281249703469@s.whatsapp.net",
    "addedAt": 1765208654152,
    "stickerInfo": {
      "isAnimated": false,
      "packName": "Unknown"
    }
  },
  "201,169,12,75,154,0,152,20,28,83,221,32,160,63,153,227,201,140,250,109,13,202,250,232,155,23,56,54,207,27,157,232": {
    "command": ".ping",
    "addedBy": "6281249703469@s.whatsapp.net",
    "addedAt": 1765208709234,
    "stickerInfo": {
      "isAnimated": false,
      "packName": "Unknown"
    }
  },
  "68,106,202,178,193,49,165,250,160,20,154,87,18,238,241,29,71,18,140,202,14,223,31,209,106,103,138,194,199,95,62,40": {
    "command": ".blacklist",
    "addedBy": "6281249703469@s.whatsapp.net",
    "addedAt": 1765209281519,
    "stickerInfo": {
      "isAnimated": false,
      "packName": "Unknown"
    }
  },
  "96,227,127,60,45,165,221,128,61,176,24,70,23,83,151,19,230,12,246,249,70,39,59,186,42,7,8,242,185,105,78,104": {
    "command": ".owner",
    "addedBy": "6281249703469@s.whatsapp.net",
    "addedAt": 1765210028089,
    "stickerInfo": {
      "isAnimated": false,
      "packName": "Unknown"
    }
  },
  "237,39,215,39,119,148,115,94,238,12,4,197,188,251,181,33,144,153,61,145,120,100,108,94,101,150,210,170,85,214,148,165": {
    "command": ".totalfitur",
    "addedBy": "6285373311356@s.whatsapp.net",
    "addedAt": 1765262821304,
    "stickerInfo": {
      "isAnimated": false,
      "packName": "Unknown"
    }
  },
  "72,145,63,239,121,181,147,9,7,224,115,54,20,100,91,145,115,245,137,105,159,11,115,161,117,194,31,227,128,182,238,134": {
    "command": ".unblacklist",
    "addedBy": "6281249703469@s.whatsapp.net",
    "addedAt": 1765272583380,
    "stickerInfo": {
      "isAnimated": false,
      "packName": "Unknown"
    }
  }
}